time_s,cpu_x,cpu_y,cpu_z,cuda_x,cuda_y,cuda_z,diff_m
0,6778136.3,0.0,0.0,6778136.5,0.0,0.0,0.20000000018626451
300,6391277.937702606,1400829.595617491,1769851.5385352909,6391278.0,1400829.6,1769851.2,0.2966427331841309
600,5274862.387803943,2642036.2384009906,3337454.5698907874,5274863.0,2642036.2,3337454.0,0.836477171756078
900,3556327.479808364,3582185.7397520286,4523672.389072267,3556328.0,3582185.8,4523672.0,0.6496780650661275
1200,1431842.3942325972,4114148.8712229007,5192950.81094278,1431843.1,4114149.0,5192950.5,0.8045433182079728
1500,-856084.9122364835,4177308.5870397054,5268808.526893254,-856084.06,4177309.0,5268808.0,1.0817600463570698
1800,-3046289.8132242747,3764467.284666705,4742576.951183585,-3046289.0,3764467.8,4742577.0,0.9382173728516299
2100,-4888762.752413502,2922667.0309111723,3674390.8173215482,-4888762.0,2922667.8,3674391.2,1.1271315197059775
2400,-6173187.622991207,1747829.28247244,2186316.324793316,-6173187.0,1747830.2,2186317.2,1.476561895601872
2700,-6752949.148633158,373824.8829474825,448402.1122181647,-6752949.0,373825.88,448403.28,1.5404205415868721
3000,-6561868.84133493,-1042780.2243490354,-1340752.9280975098,-6561869.5,-1042779.3,-1340751.5,1.8179028675021647
3300,-5621759.142917722,-2340565.384206159,-2976694.3952402226,-5621760.5,-2340564.5,-2976693.0,2.137799831219976
3600,-4039933.4584826096,-3371648.8504131697,-4272476.258789272,-4039935.2,-3371648.2,-4272475.0,2.2703702266161496
3900,-1996956.3207771347,-4018538.7271390436,-5080023.98151521,-1996958.5,-4018538.8,-5080023.0,2.390168828244605
4200,273967.99187437893,-4207521.096589488,-5307055.630249265,273965.62,-4207521.5,-5307055.5,2.4045372190493186
4500,2513615.5970267793,-3917059.7718279427,-4927627.327191924,2513613.2,-3917060.8,-4927627.5,2.5485717387873903
4800,4466333.228418584,-3180250.5217278562,-3985097.9678235534,4466331.5,-3180252.0,-3985099.0,2.4976203773658665
5100,5909220.82617239,-2081050.0902888875,-2587174.4144175495,5909219.5,-2081051.9,-2587176.2,2.8832776307036063
5400,6677575.324069659,-744709.6790970574,-893603.3720912315,6677575.0,-744711.6,-893605.7,3.0418213575206736
5700,6683691.249055433,676497.0483084423,902083.5506246028,6683692.0,676495.1,902081.0,3.2815726369390323
6000,5926872.069595235,2020625.1977348633,2594685.526669566,5926874.0,2020623.5,2594683.0,3.6045561886531097
6300,4493509.521717726,3134511.988717019,3990781.686862751,4493512.5,3134510.8,3990779.5,3.8970442449147633
6600,2547221.87859631,3891229.4954829244,4930834.150127306,2547225.5,3891229.0,4930832.5,4.010360100899296
6900,310176.895399105,4204548.072626965,5307419.099704406,310180.84,4204548.5,5307418.5,4.016437211759268
7200,-1962268.5772531237,4038762.367624275,5077502.562280462,-1962264.8,4038763.5,5077503.0,4.015188619455643
7500,-4010717.424641338,3412760.235063579,4267358.084227855,-4010714.0,3412762.0,4267359.5,4.104580323396961
7800,-5601342.216064611,2397870.86896648,2969564.3410561094,-5601340.0,2397873.2,2969567.0,4.201219537209535
8100,-6552576.314168718,1109737.3110755086,1332425.7760864848,-6552575.5,1109740.1,1332429.1,4.449299211859357
8400,-6755839.38282321,-304860.595657738,-456974.78277013806,-6755840.0,-304857.66,-456971.0,4.830152684684858
8700,-6187931.509261548,-1684731.3461715418,-2194154.878146215,-6187933.5,-1684728.6,-2194151.2,4.95290410794947
9000,-4913681.18566747,-2872639.2334235725,-3680599.5084484303,-4913685.0,-2872637.2,-3680596.2,5.394496073757374
9300,-3078544.915520682,-3733221.203591099,-4746446.286387035,-3078549.8,-3733220.0,-4746444.0,5.4816409479456025
9600,-892003.2265933999,-4168411.5084230048,-5269896.340685582,-892008.7,-4168411.2,-5269895.5,5.531277934798334
9900,1396351.5460561756,-4128616.5206168224,-5191132.794187996,1396346.1,-4128617.5,-5191133.5,5.553846599713813
10200,3525306.120525212,-3618366.322727305,-4519156.294322874,3525301.2,-3618368.5,-4519158.5,5.7730012828944375
10500,5251843.545865028,-2695799.028969198,-3330756.4706147863,5251840.0,-2695802.0,-3330759.8,5.6704982324746265
10800,6378883.273334016,-1466036.5410219063,-1761736.8551931125,6378881.5,-1466040.2,-1761741.2,6.017936491062126
11100,6777777.521699811,-69206.49865523401,8603.967826180786,6777777.5,-69210.42,8599.013,6.320240987168621
11400,6402996.014892827,1335524.7506327122,1777961.578632032,6402998.5,1335521.0,1777956.6,6.691896122370447
11700,5297322.872459757,2588088.7878062627,3344143.913279437,5297327.0,2588085.8,3344139.5,6.76327514857112
12000,3586972.47129748,3545754.747167967,4528176.615865106,3586978.2,3545752.8,4528173.5,6.862266247941508
12300,1467181.8420028903,4099393.5546247535,5194755.203873972,1467188.8,4099393.0,5194753.5,7.136611184493307
12600,-820075.7424055444,4185913.472155438,5267706.8902629055,-820068.6,4185914.2,5267707.0,7.160624698731092
12900,-3013711.9746751795,3795449.892386408,4738695.173722521,-3013705.5,3795452.2,4738697.5,7.272642397083129
13200,-4863326.556051501,2972490.0539758466,3668172.486347471,-4863321.5,2972493.5,3668176.5,7.31765986306802
13500,-6157790.071065582,1810804.4433939352,2178472.0355902207,-6157787.0,1810808.9,2178477.2,7.500709664478392
13800,-6749343.989403877,442762.3641890344,439828.26527313975,-6749343.5,442767.25,439834.38,7.838330642027546
14100,-6570466.822447908,-975750.9234929344,-1349076.5626129785,-6570469.0,-975746.2,-1349070.4,8.090606686754104
14400,-5641581.213847137,-2283096.880950782,-2983816.639999442,-5641586.0,-2283092.8,-2983811.0,8.472402687204953
14700,-4068722.2537776604,-3330302.1906748726,-4277583.224412854,-4068729.0,-3330299.2,-4277579.0,8.485561178901548
15000,-2031433.2297779531,-3998034.324427649,-5082532.073192452,-2031441.4,-3998033.0,-5082529.5,8.644077173741586
15300,237729.44379971834,-4210199.816560105,-5306678.237613961,237720.75,-4210200.5,-5306678.0,8.723858322247343
15600,2479742.577500058,-3942615.688990211,-4924407.576515097,2479734.5,-3942618.0,-4924410.0,8.74414389768911
15900,4438683.563463323,-3225765.858023243,-3979403.7937899437,4438677.0,-3225769.8,-3979408.2,8.836534497916071
16200,5890943.632839058,-2141328.3453240483,-2579656.5146550853,5890939.0,-2141333.5,-2579662.8,9.322736084758358
16500,6670752.349362886,-812868.9176079463,-885120.8491692607,6670751.0,-812874.7,-885128.06,9.335125862168622
16800,6689099.763668345,608238.4878917641,910561.3625214394,6689101.5,608232.7,910553.9,9.629245533209724
17100,5943896.322106825,1960060.2779482985,2602189.8317055767,5943901.0,1960055.1,2602183.0,9.752320842196722
17400,4520210.840224936,3088555.261905231,3996454.9359961725,4520218.5,3088551.2,3996449.5,10.213598386770915
17700,2580559.4389870977,3865127.684079459,4934028.036908064,2580568.8,3865125.5,4934024.5,10.19680749073686
18000,346354.0162787836,4201281.067444313,5307768.645025818,346364.25,4201281.0,5307768.0,10.25425067840329
18300,-1927372.0493732116,4058703.0304383817,5074967.822103199,-1927362.1,4058705.0,5074970.0,10.349666230766474
18600,-3981075.8816743037,3453631.8440086986,4262228.7141562365,-3981067.5,3453635.8,4262233.5,10.412181937910644
18900,-5580331.645562966,2455007.0634923154,2962426.4961529505,-5580325.5,2455012.8,2962433.2,10.757265627920864
19200,-6542589.798404041,1176614.8571535894,1324095.1284263923,-6542587.0,1176621.5,1324103.4,10.95282839622653
19500,-6758014.531291563,-235877.04680213082,-465546.2544384584,-6758015.5,-235870.19,-465537.56,11.114774668097102
19800,-6202020.869289678,-1621517.5352273867,-2201987.6750842878,-6202025.5,-1621511.2,-2201979.5,11.303962336511335
20100,-4938080.393035654,-2822412.1303217006,-3686798.543439478,-4938088.5,-2822407.0,-3686791.8,11.755589802408052
20400,-3110475.38269604,-3701715.0614118115,-4750303.169181581,-3110485.8,-3701712.0,-4750298.5,11.775164131013476
20700,-927828.5661439182,-4159223.2022677963,-5270970.328785984,-927840.25,-4159222.5,-5270969.0,11.780125007347909
21000,1360711.396601643,-4142794.9121553376,-5189301.158379221,1360699.8,-4142796.5,-5189303.0,11.897737078694114
21300,3493910.233990503,-3654292.530514846,-4514628.3434649985,3493900.0,-3654296.5,-4514633.0,11.923702957669121
21600,5228267.719576047,-2749371.2719473573,-3324049.6330240523,5228260.0,-2749377.2,-3324057.0,12.23116112049507
21900,6365812.771181297,-1531138.4497636294,-1753617.549894565,6365808.5,-1531145.8,-1753626.6,12.405401218478334
22200,6776701.227528731,-138405.42588978115,17207.913079657912,6776701.5,-138413.27,17198.002,12.639862263698864
22500,6414036.832316257,1270129.1470396956,1786066.9542064574,6414041.0,1270121.6,1786057.4,12.872912076012756
22800,5319223.690277395,2533962.5720891133,3350824.4832310965,5319232.0,2533956.2,3350816.2,13.29685657665064
23100,3617239.297159585,3509077.3205169006,4532668.962884456,3617250.5,3509073.0,4532663.0,13.406210899555806
23400,1502367.8074007411,4084352.1729341685,5196545.968247708,1502380.9,4084350.5,5196543.5,13.403473649383912
23700,-783977.8467796925,4194225.2094725748,5266591.433684704,-783964.44,4194226.2,5266592.5,13.4917940802476
24000,-2980813.335414849,3826165.6250503766,4734800.964187782,-2980801.2,3826169.5,4734805.5,13.477614000112341
24300,-4837374.11816893,3022102.842057699,3661944.5318401316,-4837364.5,3022109.0,3661952.0,13.645616100487993
24600,-6141739.788299153,1873649.933213777,2170622.031116608,-6141734.0,1873657.9,2170632.0,13.998393178347122
24900,-6745024.146983077,511665.4961129044,431253.264428737,-6745023.0,511674.25,431264.3,14.14234733322681
25200,-6578369.778883051,-908656.737751389,-1357396.6577956649,-6578373.5,-908648.1,-1357385.6,14.482706170429829
25500,-5660807.284066849,-2225471.637296117,-2990931.0566484034,-5660815.5,-2225464.2,-2990921.5,14.608327425156308
25800,-4097082.129543903,-3288724.765736212,-4282678.967700355,-4097094.0,-3288719.2,-4282672.0,14.828348598188269
26100,-2065697.2779410896,-3977251.386072873,-5085026.830732152,-2065711.5,-3977248.8,-5085023.0,14.962965904626987
26400,201463.39272747724,-4212583.921515528,-5306286.922788598,201448.38,-4212584.5,-5306287.0,15.029063326289274
26700,2445604.8336100434,-3967894.4338784316,-4921174.906543907,2445590.8,-3967898.0,-4921179.0,15.0937628735328
27000,4410562.183805093,-3271053.0037607197,-3973699.179700713,4410550.5,-3271059.2,-3973706.8,15.258972373489932
27300,5872041.601709935,-2201453.3586407686,-2572131.847105585,5872034.0,-2201461.8,-2572142.2,15.37599154181334
27600,6663222.76587308,-880967.3036052922,-876636.0041127666,6663220.0,-880976.9,-876648.06,15.64181425596833
27900,6693800.587542497,539941.4620287337,919036.7855399925,6693803.5,539931.75,919024.44,15.9774842353046
28200,5960292.613819905,1899361.9465211937,2609687.309837865,5960300.5,1899353.2,2609676.2,16.128897388647662
28500,4546435.634621142,3042385.352688028,4002117.700339918,4546448.0,3042378.8,4002109.0,16.498302887756747
28800,2613626.3253492615,3838757.1724414313,4937208.979154971,2613641.5,3838753.2,4937204.0,16.445289782990706
29100,382497.21987535676,4197720.415523984,5308104.265296459,382513.78,4197720.0,5308103.5,16.584253643892424
29400,-1892268.8111571837,4078358.511536422,5072419.767633381,-1892252.8,4078361.5,5072423.5,16.757751794692677
29700,-3951010.607438894,3494259.186433479,4257088.162031445,-3950997.0,3494265.2,4257096.0,16.833388942202642
30000,-5558728.711175484,2511967.7031420115,2955280.8792570774,-5558719.0,2511976.5,2955291.8,17.02541310611161
30300,-6531909.930323668,1243405.5396557348,1315761.0069728345,-6531905.5,1243415.9,1315774.0,17.183301888940143
30600,-6759474.5145183895,-166881.78118444805,-474116.5047356787,-6759476.0,-166871.0,-474102.88,17.441625164814788
30900,-6215454.916713524,-1558194.754574968,-2209814.695058033,-6215462.0,-1558184.8,-2209802.0,17.647350114229457
31200,-4961958.970547621,-2771991.198017363,-3692987.9060313683,-4961971.0,-2771983.0,-3692977.5,17.894152733698263
31500,-3142079.3525533425,-3669952.280531116,-4754147.58944862,-3142095.2,-3669947.0,-4754141.0,18.000934759203087
31800,-963558.821901775,-4149744.646088253,-5272030.488376829,-963576.75,-4149743.0,-5272028.5,18.112977527615257
32100,1324924.0621579909,-4156682.4668369372,-5187455.90832181,1324906.1,-4156684.8,-5187458.5,18.266670911843402
32400,3462141.7034541927,-3689960.4079681234,-4510088.548377816,3462126.0,-3689966.2,-4510096.0,18.337243064548687
32700,5204136.345244677,-2802747.087808967,-3317334.0747141223,5204124.5,-2802756.0,-3317345.2,18.56405087548751
33000,6352067.257440128,-1596128.1894938676,-1745493.6439408085,6352061.0,-1596139.1,-1745507.4,18.635526229581124
33300,6774907.539670214,-207589.21117761458,25811.813187768013,6774907.5,-207600.97,25796.947,18.953567560924053
33600,6424399.794185244,1204649.9288571053,1794167.6439939656,6424406.0,1204638.6,1794153.4,19.23261581373451
33900,5340563.595075325,2479663.492798636,3357496.2622191375,5340575.5,2479654.0,3357484.2,19.394170930202566
34200,3647126.20226804,3472157.444835067,4537149.41834452,3647142.8,3472151.0,4537141.0,19.652782411722903
34500,1537398.2256200183,4069026.339535937,5198323.09936588,1537417.4,4069023.5,5198319.5,19.690534598072695
34800,-747793.365384197,4202242.856472872,5265462.160085075,-747773.7,4202244.0,5265464.0,19.796769122622816
35100,-2947595.8676550775,3856611.0919147646,4730894.332795904,-2947578.0,3856616.5,4730901.0,19.823019304301095
35400,-4810907.0191580765,3071499.9434921695,3655706.9701387226,-4810893.0,3071508.8,3655718.2,20.03313864028125
35700,-6125037.783727496,1936358.8620392128,2162766.331967107,-6125029.5,1936370.2,2162780.8,20.15404338141294
36000,-6739989.944376278,580526.7375539573,422677.132181667,-6739988.0,580539.4,422693.12,20.475738810210572
36300,-6585577.310838411,-841504.9982284559,-1365713.191817573,-6585582.5,-841492.5,-1365697.4,20.815975371696766
36600,-5679436.276273257,-2167695.9369537174,-2998037.626522286,-5679448.0,-2167685.0,-2998024.0,21.04150267840676
36900,-4125011.4532315154,-3246921.0942238453,-4287763.475282975,-4125028.2,-3246913.0,-4287753.5,21.146019994463305
37200,-2099746.46280219,-3956192.1495345365,-5087508.247589255,-2099766.8,-3956188.0,-5087503.0,21.361793577408996
37500,165171.98366708812,-4214673.112220178,-5305881.686799797,165150.66,-4214673.5,-5305882.0,21.33324136664894
37800,2411204.4093196713,-3992893.2047691178,-4917929.325759335,2411184.5,-3992897.8,-4917935.5,21.334511509113558
38100,4381970.800208332,-3316106.974761932,-3967984.140522049,4381954.5,-3316115.5,-3967995.2,21.48946197857372
38400,5852515.916005415,-2261418.532907819,-2564600.4315101495,5852505.0,-2261430.2,-2564615.2,21.81827364499443
38700,6654987.094814604,-948997.380149117,-868148.8591819273,6654983.0,-949010.75,-868165.8,21.97579152047565
39000,6697793.520587861,471613.43555166933,927509.797444812,6697797.0,471599.78,927492.56,22.261841468897746
39300,5976060.045951519,1838536.8235709872,2617177.941396633,5976071.0,1838524.5,2617162.5,22.589783309718083
39600,4572182.409396797,2996007.2803520993,4007769.965037589,4572199.0,2995997.8,4007758.0,22.5662989935883
39900,2646420.615200399,3812120.805760214,4940376.96852276,2646441.5,3812115.0,4940370.0,22.769321805827012
40200,418604.3750069897,4193866.463022778,5308425.959635825,418627.22,4193865.2,5308425.0,22.896045944592537
40500,-1856960.9604742178,4097726.6185370022,5069858.405555885,-1856938.9,4097730.2,5069863.5,22.95449968450822
40800,-3920523.4282225966,3534637.781858521,4251936.441339839,-3920504.5,3534646.0,4251947.0,23.17974901560498
41100,-5536534.760142627,2568746.5311137238,2948127.5091151223,-5536521.5,2568758.2,2948142.5,23.192462298473643
41400,-6520537.425026436,1310102.0401119075,1307423.433590631,-6520531.0,1310116.0,1307441.2,23.528363374145098
41700,-6760219.334133933,-97882.3430387185,-482685.51117753505,-6760221.0,-97867.625,-482666.94,23.75662582623582
42000,-6228232.939384076,-1494769.9125337126,-2217635.917533092,-6228242.5,-1494756.1,-2217618.8,24.004700689593545
42300,-4985315.573030575,-2721381.9198810565,-3699167.5799862067,-4985332.0,-2721370.8,-3699153.8,24.204959941696263
42600,-3173354.9995608972,-3637936.293100292,-4757979.537102199,-3173376.5,-3637929.0,-4757970.5,24.43619057129776
42900,-999191.8952248942,-4139976.828838616,-5273076.816676762,-999216.06,-4139974.2,-5273074.0,24.46714659764409
43200,1288991.6761726406,-4170277.6175001855,-5185597.048856797,1288967.6,-4170280.2,-5185601.0,24.515311404839046
43500,3430002.4548663166,-3725366.010843819,-4505536.920971611,3429981.2,-3725373.5,-4505547.0,24.643876097000984
43800,5179450.92254202,-2855920.605761882,-3310609.8133034334,5179435.0,-2855932.2,-3310624.8,24.74309055160916
44100,6337647.63509373,-1660998.6334415486,-1737365.1586450855,6337639.0,-1661013.1,-1737383.6,25.011524821644095
44400,6772396.661746625,-276750.28578182287,34415.64557804173,6772396.5,-276765.97,34395.824,25.27583701853498
44700,6434084.381498438,1139094.2423073452,1802263.6267421523,6434092.5,1139079.1,1802244.8,25.51028112855729
45000,5361341.4040333135,2425197.457434367,3364159.2327399845,5361357.0,2425184.8,3364143.5,25.538836553306943
45300,3676631.474193899,3434999.1141861863,4541617.970490759,3676653.2,3434990.0,4541607.0,26.030862234815093
45600,1572271.0490113313,4053417.678901654,5200086.59256613,1572296.4,4053413.5,5200082.0,26.076053856738888
45900,-711524.4485885296,4209965.482533439,5264319.072426694,-711498.5,4209967.0,5264321.5,26.106035003347053
46200,-2914061.5802705744,3886782.9135966036,4726975.289796017,-2914038.0,3886789.5,4726984.5,26.157938134921814
46500,-4783926.898204027,3120675.9161574747,3649459.817607586,-4783908.5,3120687.2,3649474.5,26.12513243605517
46800,-6107685.140591594,1998924.346623211,2154904.9587513823,-6107674.0,1998939.1,2154924.0,26.553386799303183
47100,-6734241.785729398,649338.5503428956,414099.891031625,-6734239.0,649355.06,414120.8,26.79775101548068
47400,-6592089.097317418,-774303.0370232203,-1374026.1428601516,-6592095.5,-774286.6,-1374005.6,27.043140269387003
47700,-5697467.180630193,-2109776.0685112625,-3005136.3309767945,-5697482.0,-2109761.8,-3005118.5,27.25027008479612
48000,-4152508.640712439,-3204895.702973801,-4292836.733821387,-4152530.2,-3204885.0,-4292824.0,27.270224865324764
48300,-2133578.8057413693,-3934858.862890158,-5089976.317253715,-2133605.0,-3934853.0,-5089970.0,27.575720493241523
48600,128857.36508451382,-4216467.101266886,-5305462.5307107,128829.73,-4216467.0,-5305463.0,27.642691376522233
48900,2376543.3789538983,-4017609.2116426616,-4914670.842676254,2376517.5,-4017614.8,-4914678.5,27.550467579166682
49200,4352911.177236071,-3360922.7971056765,-3962258.691247496,4352890.0,-3360933.5,-3962273.0,27.708620909866873
49500,5832367.830034424,-2321217.2784446296,-2557062.2876276113,5832353.5,-2321232.0,-2557081.5,28.128087953267777
49800,6646045.937658566,-1016951.6944773669,-859659.4366430048,6646040.5,-1016968.9,-859681.3,28.34239947330645
50100,6701078.442970371,403261.8730623715,935980.3760067325,6701083.0,403244.28,935958.3,28.583854024405305
50400,5991197.790805058,1777591.5329611553,2624661.7067300463,5991211.5,1777575.5,2624642.0,28.867855453656396
50700,4597449.722837997,2949426.0714866715,4013411.7152603725,4597471.0,2949413.5,4013396.5,29.021785752249038
51000,2678940.416417699,3785221.4392639776,4943531.996700112,2678967.2,3785213.8,4943523.5,29.178071088050995
51300,454673.35394734633,4189719.5677369405,5308733.727199936,454702.5,4189717.8,5308732.5,29.228454843845924
51600,-1821450.6190367197,4116805.1709871516,5067283.742590491,-1821422.4,4116809.5,5067290.5,29.362025572836657
51900,-3889616.2187301717,3574763.1606744276,4246773.565597046,-3889592.2,3574773.2,4246787.0,29.27076526628183
52200,-5513751.207164193,2625337.2991883727,2940966.404494175,-5513734.0,2625352.0,2940985.5,29.61146238800533
52500,-6508473.0764057,1376697.0453757155,1299082.430153523,-6508465.0,1376714.8,1299105.0,29.80067147032947
52800,-6760249.072895915,-28886.275138420926,-491253.2512830999,-6760251.0,-28867.61,-491229.75,30.073821865202135
53100,-6240354.299344476,-1431249.9199938455,-2225451.321990265,-6240366.0,-1431232.4,-2225429.8,30.167580491618867
53400,-5008148.914092692,-2670589.785598491,-3705337.5490914304,-5008169.5,-2670575.5,-3705320.2,30.448587295110205
53700,-3204300.5348413843,-3605670.540620103,-4761799.00208915,-3204327.5,-3605661.0,-4761788.0,30.64619351226795
54000,-1034725.6978121575,-4129920.7508029984,-5274109.310940722,-1034756.06,-4129917.2,-5274106.0,30.744629089874124
54300,1252916.389246169,-4183578.8090155665,-5183724.58486096,1252886.1,-4183581.8,-5183729.5,30.801502843190427
54600,3397494.456864545,-3760505.406273657,-4500973.473187658,3397467.8,-3760514.5,-4500986.0,30.868649145769275
54900,5154213.01448366,-2908885.96444628,-3303876.8664331897,5154193.0,-2908900.2,-3303895.8,31.003962597641088
55200,6322554.883889468,-1725742.6612577748,-1729232.1153327143,6322544.0,-1725760.6,-1729255.2,31.246886486725305
55500,6769168.878794149,-345881.08364907495,43019.38767805518,6769168.0,-345900.7,42994.61,31.60771349752281
55800,6443090.152016776,1073469.2349747564,1810354.881211096,6443100.0,1073450.2,1810331.4,31.779773444348198
56100,5381555.9976723585,2370570.378752879,3370813.3773132246,5381575.5,2370554.2,3370793.8,32.02669007686252
56400,3705753.4431925304,3397606.331195663,4546074.607599785,3705780.5,3397594.8,4546061.0,32.42470809943149
56700,1606984.2470761968,4037527.8264050554,5201836.443221903,1607015.6,4037522.2,5201831.0,32.33108504564494
57000,-675173.257103212,4217392.169044115,5263162.173708474,-675141.0,4217393.5,5263165.0,32.40802485470638
57300,-2880212.5187870003,3916677.7224798426,4723043.845469831,-2880183.0,3916685.5,4723055.0,32.50034075314385
57600,-4756435.453265046,3169625.3281230214,3643203.0906363237,-4756412.5,3169639.0,3643221.5,32.44498832403069
57900,-6089683.016313155,2061339.511180758,2147037.932093856,-6089669.0,2061357.5,2147061.5,32.79482965653307
58200,-6727780.156301347,718093.4001975614,405521.56348118035,-6727776.5,718113.75,405547.44,33.12020302939694
58500,-6597904.896102036,-707058.1863652512,-1382335.489114111,-6597912.5,-707037.8,-1382310.1,33.410356690017856
58800,-5714899.054745481,-2051718.3246940938,-3012227.151388381,-5714917.0,-2051700.2,-3012205.2,33.5916290070099
59100,-4179572.156263445,-3162653.1265030694,-4297898.730005791,-4179598.8,-3162639.5,-4297883.0,33.768942714473866
59400,-2167192.3519749306,-3913253.784577039,-5092431.033250479,-2167224.5,-3913246.2,-5092423.0,33.982325998647305
59700,92521.68890085853,-4217965.61311901,-5305029.455620977,92487.74,-4217965.0,-5305030.5,33.96830861714782
60000,2341623.847189045,-4042039.6765206144,-4911399.465843353,2341592.0,-4042046.2,-4911409.5,34.031432248902185
60300,4323385.133230611,-3405495.50772181,-3956522.846897866,4323359.0,-3405508.5,-3956540.5,34.10831349784092
60600,5811598.66916853,-2380843.014003998,-2549517.4352344843,5811581.0,-2380861.0,-2549541.0,34.5107771939938
60900,6636399.976103341,-1084822.7988878328,-851167.7587681633,6636393.5,-1084843.8,-851194.5,34.58297985533757
61200,6703655.315082087,334894.2380516933,944448.4990030649,6703660.5,334872.7,944421.56,34.88387663972728
61500,6005705.091743622,1716532.7015227564,2632138.5862042704,6005721.5,1716513.0,2632114.5,35.178489342785895
61800,4622236.187006277,2902646.7593960227,4019042.936206968,4622262.0,2902631.0,4019024.5,35.419809927623504
62100,2711183.8672260568,3758061.937888555,4946674.055409773,2711216.2,3758052.2,4946663.5,35.410675062742705
62400,490702.0324238522,4185280.0990687697,5309027.567181366,490737.44,4185277.5,5309026.0,35.53492131600686
62700,-1785739.9323909169,4135592.0006285384,5064695.785491901,-1785705.6,4135596.8,5064704.0,35.59538936580626
63000,-3858290.9020646103,3614630.864677214,4241599.548348005,-3858261.5,3614642.8,4241616.0,35.72672885165172
63300,-5490379.534372906,2681733.7684728284,2933797.584181526,-5490358.5,2681751.2,2933821.0,36.00484954286979
63600,-6495717.757117892,1443183.2484910232,1290738.01854439,-6495708.0,1443204.5,1290765.5,36.08404613928604
63900,-6759563.894657011,40098.88209407247,-499819.7025746809,-6759566.0,40121.5,-499791.28,36.38370286632449
64200,-6251818.432799909,-1367641.6896037862,-2233260.8879256947,-6251832.5,-1367620.2,-2233234.8,36.61603321666973
64500,-5030457.7660988895,-2619620.290528618,-3711497.7971600383,-5030482.5,-2619602.5,-3711477.0,36.8888958671926
64800,-3234914.206157037,-3573158.4735425427,-4765605.974389007,-3234946.8,-3573146.5,-4765593.0,37.024346124283966
65100,-1070158.1516993477,-4119577.423486652,-5275127.96845993,-1070194.8,-4119572.8,-5275124.0,37.10829775592913
65400,1216700.3691255301,-4196584.498478607,-5181838.521246734,1216663.9,-4196587.5,-5181844.5,37.10223469677024
65700,3364619.7207560604,-3795374.6732373983,-4496398.216998269,3364587.5,-3795385.2,-4496413.5,37.19697797072201
66000,5128424.2474026,-2961637.312633485,-3297135.2517674896,5128400.0,-2961654.2,-3297158.0,37.31344261329651
66300,6306790.0603061095,-1790353.1598602626,-1721094.535340845,6306776.5,-1790374.5,-1721122.4,37.607580188914845
66600,6765224.557227692,-414974.04230338114,51623.016915734624,6765223.5,-414997.53,51593.285,37.9054859579355
66900,6451416.740230204,1007782.0549642196,1818441.3861731354,6451428.5,1007759.1,1818413.1,38.246167804920745
67200,5401206.319827077,2315788.174075408,3377458.678481533,5401229.5,2315768.5,3377435.2,38.38337409410884
67500,3734490.4821844944,3359983.106586433,4550519.31797953,3734522.5,3359969.0,4550503.5,38.39719738430418
67800,1641535.806459551,4021358.42813878,5203572.646742437,1641573.2,4021351.2,5203566.0,38.70043388291515
68100,-638741.9619749673,4224522.009526241,5261991.466965566,-638703.44,4224523.0,5261995.0,38.698818355099135
68400,-2846050.7653643964,3946292.163122528,4719100.010131608,-2846015.5,3946301.2,4719113.5,38.83547112417531
68700,-4728434.441046113,3218342.758298292,3636936.805639543,-4728406.5,3218358.8,3636958.8,38.96141087386951
69000,-6071032.642460508,2123597.488205777,2139165.272633882,-6071015.5,2123618.8,2139193.2,39.09809280222596
69300,-6720605.622426596,786783.7576140387,396942.1720357262,-6720601.0,786807.94,396973.0,39.45119889182028
69600,-6603024.543716081,-639777.7777512115,-1390641.2087797718,-6603033.5,-639753.44,-1390611.1,39.72022980837538
69900,-5731731.0236396035,-1993529.0016275388,-3019310.069154027,-5731752.5,-1993507.4,-3019284.2,39.944634048243614
70200,-4206200.512543324,-3120197.9064825694,-4302949.45055595,-4206232.0,-3120181.5,-4302930.5,40.24619446641653
70500,-2200585.1705437866,-3891379.1831359426,-5094872.389139565,-2200623.2,-3891369.8,-5094863.0,40.33838099111379
70800,56167.11049079325,-4219168.384153979,-5304582.462666812,56126.863,-4219167.0,-5304583.5,40.28436195843272
71100,2306447.949038083,-4066181.833804214,-4908115.203843151,2306410.0,-4066189.0,-4908127.0,40.3810991663893
71400,4293394.540287287,-3449820.15498609,-3950776.622521294,4293363.5,-3449835.0,-3950797.5,40.24603073561922
71700,5790209.829807237,-2440289.1675551576,-2541965.894124917,5790189.0,-2440310.0,-2541993.8,40.54406743609417
72000,6626049.972035128,-1152603.2516200626,-842673.8478354648,6626042.0,-1152627.9,-842705.5,40.88671793362455
72300,6705524.1775015555,266517.99201947975,952914.1442174511,6705530.0,266492.44,952882.3,41.23339896083461
72600,6019581.263154684,1655366.9582770197,2639608.5602034694,6019600.5,1655343.4,2639580.2,41.5655481521516
72900,4646540.467711469,2855674.3835135987,4024663.6131037814,4646570.5,2855655.5,4024642.0,41.540964063150895
73200,2743149.136183143,3730645.1759496382,4949803.136408463,2743187.2,3730633.2,4949791.0,41.739474368477985
73500,526688.2896162001,4180548.437994635,5309307.478809214,526729.94,4180544.8,5309306.0,41.83699805349032
73800,-1749831.0699049023,4154084.951664852,5062094.541049661,-1749790.6,4154090.2,5062104.0,41.87283641463066
74100,-3826549.4497021744,3654236.447604556,4236414.403166917,-3826514.8,3654250.0,4236434.0,42.09242948722501
74400,-5466421.291299357,2737929.7101437883,2926621.0669847066,-5466396.5,2737950.0,2926648.5,42.17649958206488
74700,-6482272.418541537,1509553.3495580708,1282390.2206549128,-6482260.5,1509578.2,1282422.5,42.47398921567798
75000,-6758164.044322275,109065.59147733828,-508384.8425779224,-6758166.5,109092.17,-508351.47,42.735936670901104
75300,-6262624.850078539,-1303952.1349583613,-2241064.594850842,-6262641.0,-1303926.9,-2241034.0,42.83608709544808
75600,-5052240.9601398995,-2568478.9350626683,-3717648.3080304526,-5052269.5,-2568457.8,-3717624.0,43.06054852528024
75900,-3265194.2978900685,-3540403.550874164,-4769400.444014057,-3265232.2,-3540389.0,-4769385.0,43.481124150203655
76200,-1105487.189253337,-4108947.8695087805,-5276132.786561924,-1105530.0,-4108941.8,-5276128.5,43.45783048759684
76500,1180345.8006943392,-4209293.155404382,-5179938.86296226,1180303.0,-4209296.0,-5179946.0,43.484807322209726
76800,3331380.3004943044,-3829969.9030367606,-4491811.164406709,3331342.5,-3829981.8,-4491829.0,43.443483926591405
77100,5102086.310914733,-3014168.8099250356,-3290384.9869930516,5102057.5,-3014188.2,-3290411.8,43.86620411342431
77400,6290354.297511353,-1854823.0242781476,-1712952.440018639,6290338.5,-1854847.9,-1712985.0,43.90070759986251
77700,6760564.144795722,-484021.6037396797,60226.51071930246,6760562.5,-484049.0,60191.824,44.23136616794699
78000,6459063.85731481,942039.8500611257,1826523.1204132144,6459077.0,942012.94,1826490.2,44.468867595563026
78300,5420291.377610199,2260856.764596874,3384095.1188107533,5420318.0,2260833.5,3384068.0,44.55808572064555
78600,3762841.0067316997,3322133.4587161206,4554952.089969216,3762878.2,3322116.5,4554933.5,44.94714720197379
78900,1675923.730940235,4004911.1407326534,5205295.19857275,1675967.2,4004902.5,5205288.0,44.94875163172876
79200,-602232.7445807401,4231354.109752809,5260806.955269358,-602187.94,4231354.5,5260811.5,45.03866509931449
79500,-2811578.438776301,3975622.8926649834,4715143.794128023,-2811537.5,3975632.8,4715160.0,45.11962705079498
79800,-4699925.6769646155,3266822.797082688,3630660.979057012,-4699893.0,3266841.0,3630686.8,45.42325084827705
80100,-6051735.324705455,2185691.419287964,2131287.001025629,-6051715.0,2185716.0,2131319.5,45.535572810835596
80400,-6712718.831467755,855402.0987574705,388361.7392035297,-6712713.5,855430.06,388397.5,45.70809566006035
80700,-6607447.955379029,-572469.1410818566,-1398943.2800668515,-6607458.0,-572440.8,-1398908.4,46.06263835657421
81000,-5747962.279705641,-1935214.3981009733,-3026385.06569166,-5747986.5,-1935189.0,-3026355.0,46.21289870695269
81300,-4232392.270564387,-3077534.5912115094,-4307988.88222116,-4232428.5,-3077515.0,-4307967.5,46.40675548910606
81600,-2233755.3542998102,-3869237.3369561313,-5097300.3785159895,-2233799.2,-3869226.0,-5097289.5,46.622968369732696
81900,19795.78868058716,-4220075.162708291,-5304121.553020895,19749.256,-4220073.0,-5304123.0,46.60552011986543
82200,2271017.8498319807,-4090032.9306140635,-4904818.065291998,2270974.0,-4090040.8,-4904832.0,46.67040441496991
82500,4262941.324221664,-3493891.799315681,-3945020.0331931864,4262905.0,-3493908.5,-3945044.5,46.87202333880449
82800,5768202.779334627,-2499549.177066935,-2534407.6841104245,5768178.5,-2499573.0,-2534440.0,46.91838604214883
83100,6614996.767478588,-1220285.6177370504,-834177.7261289223,6614987.0,-1220314.0,-834214.3,47.32355689022533
83400,6706685.150944264,198140.59359550418,961377.2894400151,6706691.5,198111.05,961340.6,47.514212220300436
83700,6032825.690405883,1594100.9336593617,2647071.609130138,6032847.5,1594073.5,2647039.0,47.87086201319758
84000,4670361.284478491,2808513.988817298,4030273.7312048236,4670396.0,2808492.0,4030249.0,47.9615263707763
84300,2774834.422160424,3702974.0368166356,4952919.231486945,2774878.2,3702959.8,4952905.0,48.244459497153855
84600,562630.008154439,4175524.9770344878,5309573.461349129,562677.94,4175520.2,5309572.0,48.18404883596184
84900,-1713726.2247530173,4172281.8810305186,5059480.016088205,-1713679.6,4172287.2,5059491.0,48.17685266679605
85200,-3794393.88146167,3693575.4756727894,4231218.143657031,-3794354.0,3693590.5,4231241.0,48.35983671413212
85500,-5441878.094828593,2793918.906191986,2919436.871731498,-5441849.5,2793942.0,2919468.5,48.49057185961369
85800,-6468138.0907263225,1575800.0565999076,1274039.0583858376,-6468124.0,1575828.5,1274076.1,48.80071170155241
86100,-6756049.84779664,178006.31995989307,-516948.64882213663,-6756052.0,178036.86,-516910.34,49.03637839163255
